{
  "condition": "minecraft:any_of",
  "terms": [
    {
      "condition": "minecraft:reference",
      "name": "moxlib:helpers/block/get/states/east/true"
    },
    {
      "condition": "minecraft:reference",
      "name": "moxlib:helpers/block/get/states/east/false"
    },
    {
      "condition": "minecraft:reference",
      "name": "moxlib:helpers/block/get/states/east/low"
    },
    {
      "condition": "minecraft:reference",
      "name": "moxlib:helpers/block/get/states/east/none"
    },
    {
      "condition": "minecraft:reference",
      "name": "moxlib:helpers/block/get/states/east/tall"
    }
  ]
}