{
  "condition": "minecraft:any_of",
  "terms": [
    {
      "condition": "minecraft:reference",
      "name": "moxlib:helpers/block/get/states/facing/north"
    },
    {
      "condition": "minecraft:reference",
      "name": "moxlib:helpers/block/get/states/facing/east"
    },
    {
      "condition": "minecraft:reference",
      "name": "moxlib:helpers/block/get/states/facing/south"
    },
    {
      "condition": "minecraft:reference",
      "name": "moxlib:helpers/block/get/states/facing/west"
    },
    {
      "condition": "minecraft:reference",
      "name": "moxlib:helpers/block/get/states/facing/up"
    },
    {
      "condition": "minecraft:reference",
      "name": "moxlib:helpers/block/get/states/facing/down"
    }
  ]
}