{
  "condition": "minecraft:any_of",
  "terms": [
    {
      "condition": "minecraft:reference",
      "name": "moxlib:helpers/block/get/states/half/lower"
    },
    {
      "condition": "minecraft:reference",
      "name": "moxlib:helpers/block/get/states/half/upper"
    },
    {
      "condition": "minecraft:reference",
      "name": "moxlib:helpers/block/get/states/half/bottom"
    },
    {
      "condition": "minecraft:reference",
      "name": "moxlib:helpers/block/get/states/half/top"
    }
  ]
}