{
  "condition": "minecraft:any_of",
  "terms": [
    {
      "condition": "minecraft:reference",
      "name": "moxlib:helpers/block/get/states/honey_level/0"
    },
    {
      "condition": "minecraft:reference",
      "name": "moxlib:helpers/block/get/states/honey_level/1"
    },
    {
      "condition": "minecraft:reference",
      "name": "moxlib:helpers/block/get/states/honey_level/2"
    },
    {
      "condition": "minecraft:reference",
      "name": "moxlib:helpers/block/get/states/honey_level/3"
    },
    {
      "condition": "minecraft:reference",
      "name": "moxlib:helpers/block/get/states/honey_level/4"
    },
    {
      "condition": "minecraft:reference",
      "name": "moxlib:helpers/block/get/states/honey_level/5"
    }
  ]
}