{
  "condition": "minecraft:any_of",
  "terms": [
    {
      "condition": "minecraft:reference",
      "name": "moxlib:helpers/block/get/states/instrument/banjo"
    },
    {
      "condition": "minecraft:reference",
      "name": "moxlib:helpers/block/get/states/instrument/basedrum"
    },
    {
      "condition": "minecraft:reference",
      "name": "moxlib:helpers/block/get/states/instrument/bass"
    },
    {
      "condition": "minecraft:reference",
      "name": "moxlib:helpers/block/get/states/instrument/bell"
    },
    {
      "condition": "minecraft:reference",
      "name": "moxlib:helpers/block/get/states/instrument/bit"
    },
    {
      "condition": "minecraft:reference",
      "name": "moxlib:helpers/block/get/states/instrument/chime"
    },
    {
      "condition": "minecraft:reference",
      "name": "moxlib:helpers/block/get/states/instrument/cow_bell"
    },
    {
      "condition": "minecraft:reference",
      "name": "moxlib:helpers/block/get/states/instrument/creeper"
    },
    {
      "condition": "minecraft:reference",
      "name": "moxlib:helpers/block/get/states/instrument/custom_head"
    },
    {
      "condition": "minecraft:reference",
      "name": "moxlib:helpers/block/get/states/instrument/didgeridoo"
    },
    {
      "condition": "minecraft:reference",
      "name": "moxlib:helpers/block/get/states/instrument/dragon"
    },
    {
      "condition": "minecraft:reference",
      "name": "moxlib:helpers/block/get/states/instrument/flute"
    },
    {
      "condition": "minecraft:reference",
      "name": "moxlib:helpers/block/get/states/instrument/guitar"
    },
    {
      "condition": "minecraft:reference",
      "name": "moxlib:helpers/block/get/states/instrument/harp"
    },
    {
      "condition": "minecraft:reference",
      "name": "moxlib:helpers/block/get/states/instrument/hat"
    },
    {
      "condition": "minecraft:reference",
      "name": "moxlib:helpers/block/get/states/instrument/iron_xylophone"
    },
    {
      "condition": "minecraft:reference",
      "name": "moxlib:helpers/block/get/states/instrument/piglin"
    },
    {
      "condition": "minecraft:reference",
      "name": "moxlib:helpers/block/get/states/instrument/pling"
    },
    {
      "condition": "minecraft:reference",
      "name": "moxlib:helpers/block/get/states/instrument/skeleton"
    },
    {
      "condition": "minecraft:reference",
      "name": "moxlib:helpers/block/get/states/instrument/snare"
    },
    {
      "condition": "minecraft:reference",
      "name": "moxlib:helpers/block/get/states/instrument/wither_skeleton"
    },
    {
      "condition": "minecraft:reference",
      "name": "moxlib:helpers/block/get/states/instrument/xylophone"
    },
    {
      "condition": "minecraft:reference",
      "name": "moxlib:helpers/block/get/states/instrument/zombie"
    }
  ]
}