{
  "condition": "minecraft:any_of",
  "terms": [
    {
      "condition": "minecraft:reference",
      "name": "moxlib:helpers/block/get/states/level/0"
    },
    {
      "condition": "minecraft:reference",
      "name": "moxlib:helpers/block/get/states/level/1"
    },
    {
      "condition": "minecraft:reference",
      "name": "moxlib:helpers/block/get/states/level/2"
    },
    {
      "condition": "minecraft:reference",
      "name": "moxlib:helpers/block/get/states/level/3"
    },
    {
      "condition": "minecraft:reference",
      "name": "moxlib:helpers/block/get/states/level/4"
    },
    {
      "condition": "minecraft:reference",
      "name": "moxlib:helpers/block/get/states/level/5"
    },
    {
      "condition": "minecraft:reference",
      "name": "moxlib:helpers/block/get/states/level/6"
    },
    {
      "condition": "minecraft:reference",
      "name": "moxlib:helpers/block/get/states/level/7"
    },
    {
      "condition": "minecraft:reference",
      "name": "moxlib:helpers/block/get/states/level/8"
    },
    {
      "condition": "minecraft:reference",
      "name": "moxlib:helpers/block/get/states/level/9"
    },
    {
      "condition": "minecraft:reference",
      "name": "moxlib:helpers/block/get/states/level/10"
    },
    {
      "condition": "minecraft:reference",
      "name": "moxlib:helpers/block/get/states/level/11"
    },
    {
      "condition": "minecraft:reference",
      "name": "moxlib:helpers/block/get/states/level/12"
    },
    {
      "condition": "minecraft:reference",
      "name": "moxlib:helpers/block/get/states/level/13"
    },
    {
      "condition": "minecraft:reference",
      "name": "moxlib:helpers/block/get/states/level/14"
    },
    {
      "condition": "minecraft:reference",
      "name": "moxlib:helpers/block/get/states/level/15"
    }
  ]
}