{
  "condition": "minecraft:any_of",
  "terms": [
    {
      "condition": "minecraft:reference",
      "name": "moxlib:helpers/block/get/states/moisture/0"
    },
    {
      "condition": "minecraft:reference",
      "name": "moxlib:helpers/block/get/states/moisture/1"
    },
    {
      "condition": "minecraft:reference",
      "name": "moxlib:helpers/block/get/states/moisture/2"
    },
    {
      "condition": "minecraft:reference",
      "name": "moxlib:helpers/block/get/states/moisture/3"
    },
    {
      "condition": "minecraft:reference",
      "name": "moxlib:helpers/block/get/states/moisture/4"
    },
    {
      "condition": "minecraft:reference",
      "name": "moxlib:helpers/block/get/states/moisture/5"
    },
    {
      "condition": "minecraft:reference",
      "name": "moxlib:helpers/block/get/states/moisture/6"
    },
    {
      "condition": "minecraft:reference",
      "name": "moxlib:helpers/block/get/states/moisture/7"
    }
  ]
}