{
  "condition": "minecraft:any_of",
  "terms": [
    {
      "condition": "minecraft:reference",
      "name": "moxlib:helpers/block/get/states/orientation/down_east"
    },
    {
      "condition": "minecraft:reference",
      "name": "moxlib:helpers/block/get/states/orientation/down_west"
    },
    {
      "condition": "minecraft:reference",
      "name": "moxlib:helpers/block/get/states/orientation/down_north"
    },
    {
      "condition": "minecraft:reference",
      "name": "moxlib:helpers/block/get/states/orientation/down_south"
    },
    {
      "condition": "minecraft:reference",
      "name": "moxlib:helpers/block/get/states/orientation/east_up"
    },
    {
      "condition": "minecraft:reference",
      "name": "moxlib:helpers/block/get/states/orientation/north_up"
    },
    {
      "condition": "minecraft:reference",
      "name": "moxlib:helpers/block/get/states/orientation/south_up"
    },
    {
      "condition": "minecraft:reference",
      "name": "moxlib:helpers/block/get/states/orientation/up_east"
    },
    {
      "condition": "minecraft:reference",
      "name": "moxlib:helpers/block/get/states/orientation/up_north"
    },
    {
      "condition": "minecraft:reference",
      "name": "moxlib:helpers/block/get/states/orientation/up_south"
    },
    {
      "condition": "minecraft:reference",
      "name": "moxlib:helpers/block/get/states/orientation/up_west"
    },
    {
      "condition": "minecraft:reference",
      "name": "moxlib:helpers/block/get/states/orientation/west_up"
    }
  ]
}