{
  "condition": "minecraft:any_of",
  "terms": [
    {
      "condition": "minecraft:reference",
      "name": "moxlib:helpers/block/get/states/power/0"
    },
    {
      "condition": "minecraft:reference",
      "name": "moxlib:helpers/block/get/states/power/1"
    },
    {
      "condition": "minecraft:reference",
      "name": "moxlib:helpers/block/get/states/power/2"
    },
    {
      "condition": "minecraft:reference",
      "name": "moxlib:helpers/block/get/states/power/3"
    },
    {
      "condition": "minecraft:reference",
      "name": "moxlib:helpers/block/get/states/power/4"
    },
    {
      "condition": "minecraft:reference",
      "name": "moxlib:helpers/block/get/states/power/5"
    },
    {
      "condition": "minecraft:reference",
      "name": "moxlib:helpers/block/get/states/power/6"
    },
    {
      "condition": "minecraft:reference",
      "name": "moxlib:helpers/block/get/states/power/7"
    },
    {
      "condition": "minecraft:reference",
      "name": "moxlib:helpers/block/get/states/power/8"
    },
    {
      "condition": "minecraft:reference",
      "name": "moxlib:helpers/block/get/states/power/9"
    },
    {
      "condition": "minecraft:reference",
      "name": "moxlib:helpers/block/get/states/power/10"
    },
    {
      "condition": "minecraft:reference",
      "name": "moxlib:helpers/block/get/states/power/11"
    },
    {
      "condition": "minecraft:reference",
      "name": "moxlib:helpers/block/get/states/power/12"
    },
    {
      "condition": "minecraft:reference",
      "name": "moxlib:helpers/block/get/states/power/13"
    },
    {
      "condition": "minecraft:reference",
      "name": "moxlib:helpers/block/get/states/power/14"
    },
    {
      "condition": "minecraft:reference",
      "name": "moxlib:helpers/block/get/states/power/15"
    }
  ]
}