{
  "condition": "minecraft:any_of",
  "terms": [
    {
      "condition": "minecraft:reference",
      "name": "moxlib:helpers/block/get/states/thickness/tip_merge"
    },
    {
      "condition": "minecraft:reference",
      "name": "moxlib:helpers/block/get/states/thickness/tip"
    },
    {
      "condition": "minecraft:reference",
      "name": "moxlib:helpers/block/get/states/thickness/frustum"
    },
    {
      "condition": "minecraft:reference",
      "name": "moxlib:helpers/block/get/states/thickness/middle"
    },
    {
      "condition": "minecraft:reference",
      "name": "moxlib:helpers/block/get/states/thickness/base"
    }
  ]
}