{
  "condition": "minecraft:any_of",
  "terms": [
    {
      "condition": "minecraft:reference",
      "name": "moxlib:helpers/block/get/states/tilt/full"
    },
    {
      "condition": "minecraft:reference",
      "name": "moxlib:helpers/block/get/states/tilt/none"
    },
    {
      "condition": "minecraft:reference",
      "name": "moxlib:helpers/block/get/states/tilt/partial"
    },
    {
      "condition": "minecraft:reference",
      "name": "moxlib:helpers/block/get/states/tilt/unstable"
    }
  ]
}