{
  "condition": "minecraft:any_of",
  "terms": [
    {
      "condition": "minecraft:reference",
      "name": "moxlib:helpers/block/get/states/west/true"
    },
    {
      "condition": "minecraft:reference",
      "name": "moxlib:helpers/block/get/states/west/false"
    },
    {
      "condition": "minecraft:reference",
      "name": "moxlib:helpers/block/get/states/west/low"
    },
    {
      "condition": "minecraft:reference",
      "name": "moxlib:helpers/block/get/states/west/none"
    },
    {
      "condition": "minecraft:reference",
      "name": "moxlib:helpers/block/get/states/west/tall"
    }
  ]
}