{
    "replace": false,
    "values": [
        { "required": false, "id": "minecraft:waxed_oxidized_copper" },
        { "required": false, "id": "minecraft:waxed_oxidized_chiseled_copper" },
        { "required": false, "id": "minecraft:waxed_oxidized_copper_grate" },
        { "required": false, "id": "minecraft:waxed_oxidized_cut_copper" },
        { "required": false, "id": "minecraft:waxed_oxidized_cut_copper_stairs" },
        { "required": false, "id": "minecraft:waxed_oxidized_cut_copper_slab" },
        { "required": false, "id": "minecraft:waxed_oxidized_copper_door" },
        { "required": false, "id": "minecraft:waxed_oxidized_copper_trapdoor" },
        { "required": false, "id": "minecraft:waxed_oxidized_copper_bulb" }
    ]
}