{
  "pools": [
    {
      "rolls": 1,
      "entries": [
        {
          "type": "item",
          "weight": 1,
          "name": "minecraft:writable_book",
          "functions": [
            {
              "function": "set_count",
              "count": 1
            },
            {
              "function": "set_nbt",
              "tag": "{pages:['\u0060','\u0061','\u0062','\u0063','\u0064','\u0065','\u0066','\u0067','\u0068','\u0069','\u006a','\u006b','\u006c','\u006d','\u006e','\u006f']}"
            }
          ]
        }
      ]
    }
  ]
}