{
  "pools": [
    {
      "rolls": 1,
      "entries": [
        {
          "type": "item",
          "weight": 1,
          "name": "minecraft:writable_book",
          "functions": [
            {
              "function": "set_count",
              "count": 1
            },
            {
              "function": "set_nbt",
              "tag": "{pages:['\u0020','\u0021','\u0022','\u0023','\u0024','\u0025','\u0026','\\\u0027','\u0028','\u0029','\u002a','\u002b','\u002c','\u002d','\u002e','\u002f']}"
            }
          ]
        }
      ]
    }
  ]
}