{
  "pools": [
    {
      "rolls": 1,
      "entries": [
        {
          "type": "item",
          "weight": 1,
          "name": "minecraft:writable_book",
          "functions": [
            {
              "function": "set_count",
              "count": 1
            },
            {
              "function": "set_nbt",
              "tag": "{pages:['\u0030','\u0031','\u0032','\u0033','\u0034','\u0035','\u0036','\u0037','\u0038','\u0039','\u003a','\u003b','\u003c','\u003d','\u003e','\u003f']}"
            }
          ]
        }
      ]
    }
  ]
}