{
  "pools": [
    {
      "rolls": 1,
      "entries": [
        {
          "type": "item",
          "weight": 1,
          "name": "minecraft:writable_book",
          "functions": [
            {
              "function": "set_count",
              "count": 1
            },
            {
              "function": "set_nbt",
              "tag": "{pages:['\u0070','\u0071','\u0072','\u0073','\u0074','\u0075','\u0076','\u0077','\u0078','\u0079','\u007a','\u007b','\u007c','\u007d','\u007e','\u007f']}"
            }
          ]
        }
      ]
    }
  ]
}