{
  "pools": [
    {
      "rolls": 1,
      "entries": [
        {
          "type": "item",
          "weight": 1,
          "name": "minecraft:writable_book",
          "functions": [
            {
              "function": "set_count",
              "count": 1
            },
            {
              "function": "set_nbt",
              "tag": "{pages:['\u0040','\u0041','\u0042','\u0043','\u0044','\u0045','\u0046','\u0047','\u0048','\u0049','\u004a','\u004b','\u004c','\u004d','\u004e','\u004f']}"
            }
          ]
        }
      ]
    }
  ]
}