{
  "pools": [
    {
      "rolls": 1,
      "entries": [
        {
          "type": "item",
          "weight": 1,
          "name": "minecraft:writable_book",
          "functions": [
            {
              "function": "set_count",
              "count": 1
            },
            {
              "function": "set_nbt",
              "tag": "{pages:['\u0010','\u0011','\u0012','\u0013','\u0014','\u0015','\u0016','\u0017','\u0018','\u0019','\u001a','\u001b','\u001c','\u001d','\u001e','\u001f']}"
            }
          ]
        }
      ]
    }
  ]
}