{
  "pools": [
    {
      "rolls": 1,
      "entries": [
        {
          "type": "item",
          "weight": 1,
          "name": "minecraft:writable_book",
          "functions": [
            {
              "function": "set_count",
              "count": 1
            },
            {
              "function": "set_nbt",
              "tag": "{pages:['\u0000','\u0001','\u0002','\u0003','\u0004','\u0005','\u0006','\u0007','\u0008','\u0009','\u000a','\u000b','\u000c','\u000d','\u000e','\u000f']}"
            }
          ]
        }
      ]
    }
  ]
}