{
  "pools": [
    {
      "rolls": 1,
      "entries": [
        {
          "type": "item",
          "weight": 1,
          "name": "minecraft:writable_book",
          "functions": [
            {
              "function": "set_count",
              "count": 1
            },
            {
              "function": "set_nbt",
              "tag": "{pages:['\u0050','\u0051','\u0052','\u0053','\u0054','\u0055','\u0056','\u0057','\u0058','\u0059','\u005a','\u005b','\\\u005c','\u005d','\u005e','\u005f']}"
            }
          ]
        }
      ]
    }
  ]
}