{
	"replace": false,
	"values": [
		{
			"required": false,
			"id": "minecraft:nether_wart"
		},
		{
			"required": false,
			"id": "minecraft:crimson_fungus"
		},
		{
			"required": false,
			"id": "minecraft:warped_fungus"
		},
		{
			"required": false,
			"id": "minecraft:nether_sprouts"
		},
		{
			"required": false,
			"id": "minecraft:crimson_roots"
		},
		{
			"required": false,
			"id": "minecraft:warped_roots"
		},
		{
			"required": false,
			"id": "minecraft:weeping_vines"
		},
		{
			"required": false,
			"id": "minecraft:weeping_vines_plant"
		},
		{
			"required": false,
			"id": "minecraft:twisting_vines"
		},
		{
			"required": false,
			"id": "minecraft:twisting_vines_plant"
		}
	]
}