{
  "condition": "minecraft:any_of",
  "terms": [
    {
      "condition": "minecraft:reference",
      "name": "moxlib:block/states/bool"
    },
    {
      "condition": "minecraft:reference",
      "name": "moxlib:block/states/directional"
    },
    {
      "condition": "minecraft:reference",
      "name": "moxlib:block/states/display"
    },
    {
      "condition": "minecraft:reference",
      "name": "moxlib:block/states/figure"
    },
    {
      "condition": "minecraft:reference",
      "name": "moxlib:block/states/misc"
    },
    {
      "condition": "minecraft:reference",
      "name": "moxlib:block/states/plant"
    },
    {
      "condition": "minecraft:reference",
      "name": "moxlib:block/states/redstone"
    }
  ]
}