{
  "replace": false,
  "values": [
    { "required": false, "id": "minecraft:black_wall_banner" },
    { "required": false, "id": "minecraft:blue_wall_banner" },
    { "required": false, "id": "minecraft:brown_wall_banner" },
    { "required": false, "id": "minecraft:cyan_wall_banner" },
    { "required": false, "id": "minecraft:gray_wall_banner" },
    { "required": false, "id": "minecraft:green_wall_banner" },
    { "required": false, "id": "minecraft:light_blue_wall_banner" },
    { "required": false, "id": "minecraft:light_gray_wall_banner" },
    { "required": false, "id": "minecraft:lime_wall_banner" },
    { "required": false, "id": "minecraft:magenta_wall_banner" },
    { "required": false, "id": "minecraft:orange_wall_banner" },
    { "required": false, "id": "minecraft:pink_wall_banner" },
    { "required": false, "id": "minecraft:purple_wall_banner" },
    { "required": false, "id": "minecraft:red_wall_banner" },
    { "required": false, "id": "minecraft:white_wall_banner" },
    { "required": false, "id": "minecraft:yellow_wall_banner" }
  ]
}