{
  "condition": "minecraft:any_of",
  "terms": [
    {
      "condition": "minecraft:reference",
      "name": "moxlib:block/states/age/0"
    },
    {
      "condition": "minecraft:reference",
      "name": "moxlib:block/states/age/1"
    },
    {
      "condition": "minecraft:reference",
      "name": "moxlib:block/states/age/2"
    },
    {
      "condition": "minecraft:reference",
      "name": "moxlib:block/states/age/3"
    },
    {
      "condition": "minecraft:reference",
      "name": "moxlib:block/states/age/4"
    },
    {
      "condition": "minecraft:reference",
      "name": "moxlib:block/states/age/5"
    },
    {
      "condition": "minecraft:reference",
      "name": "moxlib:block/states/age/6"
    },
    {
      "condition": "minecraft:reference",
      "name": "moxlib:block/states/age/7"
    },
    {
      "condition": "minecraft:reference",
      "name": "moxlib:block/states/age/8"
    },
    {
      "condition": "minecraft:reference",
      "name": "moxlib:block/states/age/9"
    },
    {
      "condition": "minecraft:reference",
      "name": "moxlib:block/states/age/10"
    },
    {
      "condition": "minecraft:reference",
      "name": "moxlib:block/states/age/11"
    },
    {
      "condition": "minecraft:reference",
      "name": "moxlib:block/states/age/12"
    },
    {
      "condition": "minecraft:reference",
      "name": "moxlib:block/states/age/13"
    },
    {
      "condition": "minecraft:reference",
      "name": "moxlib:block/states/age/14"
    },
    {
      "condition": "minecraft:reference",
      "name": "moxlib:block/states/age/15"
    },
    {
      "condition": "minecraft:reference",
      "name": "moxlib:block/states/age/16"
    },
    {
      "condition": "minecraft:reference",
      "name": "moxlib:block/states/age/17"
    },
    {
      "condition": "minecraft:reference",
      "name": "moxlib:block/states/age/18"
    },
    {
      "condition": "minecraft:reference",
      "name": "moxlib:block/states/age/19"
    },
    {
      "condition": "minecraft:reference",
      "name": "moxlib:block/states/age/20"
    },
    {
      "condition": "minecraft:reference",
      "name": "moxlib:block/states/age/21"
    },
    {
      "condition": "minecraft:reference",
      "name": "moxlib:block/states/age/22"
    },
    {
      "condition": "minecraft:reference",
      "name": "moxlib:block/states/age/23"
    },
    {
      "condition": "minecraft:reference",
      "name": "moxlib:block/states/age/24"
    },
    {
      "condition": "minecraft:reference",
      "name": "moxlib:block/states/age/25"
    }
  ]
}