{
  "condition": "minecraft:any_of",
  "terms": [
    {
      "condition": "minecraft:reference",
      "name": "moxlib:block/states/attachment/ceiling"
    },
    {
      "condition": "minecraft:reference",
      "name": "moxlib:block/states/attachment/double_wall"
    },
    {
      "condition": "minecraft:reference",
      "name": "moxlib:block/states/attachment/floor"
    },
    {
      "condition": "minecraft:reference",
      "name": "moxlib:block/states/attachment/single_wall"
    }
  ]
}