{
  "condition": "minecraft:any_of",
  "terms": [
    {
      "condition": "minecraft:reference",
      "name": "moxlib:block/states/bites"
    },
    {
      "condition": "minecraft:reference",
      "name": "moxlib:block/states/has_bottle_0"
    },
    {
      "condition": "minecraft:reference",
      "name": "moxlib:block/states/has_bottle_1"
    },
    {
      "condition": "minecraft:reference",
      "name": "moxlib:block/states/has_bottle_2"
    },
    {
      "condition": "minecraft:reference",
      "name": "moxlib:block/states/honey_level"
    },
    {
      "condition": "minecraft:reference",
      "name": "moxlib:block/states/level"
    },
    {
      "condition": "minecraft:reference",
      "name": "moxlib:block/states/lit"
    },
    {
      "condition": "minecraft:reference",
      "name": "moxlib:block/states/open"
    },
    {
      "condition": "minecraft:reference",
      "name": "moxlib:block/states/slot_0_occupied"
    },
    {
      "condition": "minecraft:reference",
      "name": "moxlib:block/states/slot_1_occupied"
    },
    {
      "condition": "minecraft:reference",
      "name": "moxlib:block/states/slot_2_occupied"
    },
    {
      "condition": "minecraft:reference",
      "name": "moxlib:block/states/slot_3_occupied"
    },
    {
      "condition": "minecraft:reference",
      "name": "moxlib:block/states/slot_4_occupied"
    },
    {
      "condition": "minecraft:reference",
      "name": "moxlib:block/states/slot_5_occupied"
    }
  ]
}
