{
  "condition": "minecraft:any_of",
  "terms": [
    {
      "condition": "minecraft:reference",
      "name": "moxlib:block/states/can_summon"
    },
    {
      "condition": "minecraft:reference",
      "name": "moxlib:block/states/charges"
    },
    {
      "condition": "minecraft:reference",
      "name": "moxlib:block/states/distance"
    },
    {
      "condition": "minecraft:reference",
      "name": "moxlib:block/states/eggs"
    },
    {
      "condition": "minecraft:reference",
      "name": "moxlib:block/states/hatch"
    },
    {
      "condition": "minecraft:reference",
      "name": "moxlib:block/states/instrument"
    },
    {
      "condition": "minecraft:reference",
      "name": "moxlib:block/states/layers"
    },
    {
      "condition": "minecraft:reference",
      "name": "moxlib:block/states/moisture"
    },
    {
      "condition": "minecraft:reference",
      "name": "moxlib:block/states/note"
    },
    {
      "condition": "minecraft:reference",
      "name": "moxlib:block/states/sculk_sensor_phase"
    }
  ]
}
