{
  "condition": "minecraft:any_of",
  "terms": [
    {
      "condition": "minecraft:reference",
      "name": "moxlib:block/states/mode/compare"
    },
    {
      "condition": "minecraft:reference",
      "name": "moxlib:block/states/mode/subtract"
    },
    {
      "condition": "minecraft:reference",
      "name": "moxlib:block/states/mode/corner"
    },
    {
      "condition": "minecraft:reference",
      "name": "moxlib:block/states/mode/data"
    },
    {
      "condition": "minecraft:reference",
      "name": "moxlib:block/states/mode/load"
    },
    {
      "condition": "minecraft:reference",
      "name": "moxlib:block/states/mode/save"
    }
  ]
}