{
  "condition": "minecraft:any_of",
  "terms": [
    {
      "condition": "minecraft:reference",
      "name": "moxlib:block/states/north/true"
    },
    {
      "condition": "minecraft:reference",
      "name": "moxlib:block/states/north/false"
    },
    {
      "condition": "minecraft:reference",
      "name": "moxlib:block/states/north/low"
    },
    {
      "condition": "minecraft:reference",
      "name": "moxlib:block/states/north/none"
    },
    {
      "condition": "minecraft:reference",
      "name": "moxlib:block/states/north/tall"
    }
  ]
}