{
  "condition": "minecraft:any_of",
  "terms": [
    {
      "condition": "minecraft:reference",
      "name": "moxlib:block/states/note/0"
    },
    {
      "condition": "minecraft:reference",
      "name": "moxlib:block/states/note/1"
    },
    {
      "condition": "minecraft:reference",
      "name": "moxlib:block/states/note/2"
    },
    {
      "condition": "minecraft:reference",
      "name": "moxlib:block/states/note/3"
    },
    {
      "condition": "minecraft:reference",
      "name": "moxlib:block/states/note/4"
    },
    {
      "condition": "minecraft:reference",
      "name": "moxlib:block/states/note/5"
    },
    {
      "condition": "minecraft:reference",
      "name": "moxlib:block/states/note/6"
    },
    {
      "condition": "minecraft:reference",
      "name": "moxlib:block/states/note/7"
    },
    {
      "condition": "minecraft:reference",
      "name": "moxlib:block/states/note/8"
    },
    {
      "condition": "minecraft:reference",
      "name": "moxlib:block/states/note/9"
    },
    {
      "condition": "minecraft:reference",
      "name": "moxlib:block/states/note/10"
    },
    {
      "condition": "minecraft:reference",
      "name": "moxlib:block/states/note/11"
    },
    {
      "condition": "minecraft:reference",
      "name": "moxlib:block/states/note/12"
    },
    {
      "condition": "minecraft:reference",
      "name": "moxlib:block/states/note/13"
    },
    {
      "condition": "minecraft:reference",
      "name": "moxlib:block/states/note/14"
    },
    {
      "condition": "minecraft:reference",
      "name": "moxlib:block/states/note/15"
    },
    {
      "condition": "minecraft:reference",
      "name": "moxlib:block/states/note/16"
    },
    {
      "condition": "minecraft:reference",
      "name": "moxlib:block/states/note/17"
    },
    {
      "condition": "minecraft:reference",
      "name": "moxlib:block/states/note/18"
    },
    {
      "condition": "minecraft:reference",
      "name": "moxlib:block/states/note/19"
    },
    {
      "condition": "minecraft:reference",
      "name": "moxlib:block/states/note/20"
    },
    {
      "condition": "minecraft:reference",
      "name": "moxlib:block/states/note/21"
    },
    {
      "condition": "minecraft:reference",
      "name": "moxlib:block/states/note/22"
    },
    {
      "condition": "minecraft:reference",
      "name": "moxlib:block/states/note/23"
    },
    {
      "condition": "minecraft:reference",
      "name": "moxlib:block/states/note/24"
    }
  ]
}