{
  "condition": "minecraft:any_of",
  "terms": [
    {
      "condition": "minecraft:reference",
      "name": "moxlib:block/states/age"
    },
    {
      "condition": "minecraft:reference",
      "name": "moxlib:block/states/berries"
    },
    {
      "condition": "minecraft:reference",
      "name": "moxlib:block/states/leaves"
    },
    {
      "condition": "minecraft:reference",
      "name": "moxlib:block/states/persistent"
    },
    {
      "condition": "minecraft:reference",
      "name": "moxlib:block/states/pickles"
    },
    {
      "condition": "minecraft:reference",
      "name": "moxlib:block/states/stage"
    }
  ]
}
