{
  "condition": "minecraft:any_of",
  "terms": [
    {
      "condition": "minecraft:reference",
      "name": "moxlib:block/states/rotation/0"
    },
    {
      "condition": "minecraft:reference",
      "name": "moxlib:block/states/rotation/1"
    },
    {
      "condition": "minecraft:reference",
      "name": "moxlib:block/states/rotation/2"
    },
    {
      "condition": "minecraft:reference",
      "name": "moxlib:block/states/rotation/3"
    },
    {
      "condition": "minecraft:reference",
      "name": "moxlib:block/states/rotation/4"
    },
    {
      "condition": "minecraft:reference",
      "name": "moxlib:block/states/rotation/5"
    },
    {
      "condition": "minecraft:reference",
      "name": "moxlib:block/states/rotation/6"
    },
    {
      "condition": "minecraft:reference",
      "name": "moxlib:block/states/rotation/7"
    },
    {
      "condition": "minecraft:reference",
      "name": "moxlib:block/states/rotation/8"
    },
    {
      "condition": "minecraft:reference",
      "name": "moxlib:block/states/rotation/9"
    },
    {
      "condition": "minecraft:reference",
      "name": "moxlib:block/states/rotation/10"
    },
    {
      "condition": "minecraft:reference",
      "name": "moxlib:block/states/rotation/11"
    },
    {
      "condition": "minecraft:reference",
      "name": "moxlib:block/states/rotation/12"
    },
    {
      "condition": "minecraft:reference",
      "name": "moxlib:block/states/rotation/13"
    },
    {
      "condition": "minecraft:reference",
      "name": "moxlib:block/states/rotation/14"
    },
    {
      "condition": "minecraft:reference",
      "name": "moxlib:block/states/rotation/15"
    }
  ]
}