{
  "condition": "minecraft:any_of",
  "terms": [
    {
      "condition": "minecraft:reference",
      "name": "moxlib:block/states/south/true"
    },
    {
      "condition": "minecraft:reference",
      "name": "moxlib:block/states/south/false"
    },
    {
      "condition": "minecraft:reference",
      "name": "moxlib:block/states/south/low"
    },
    {
      "condition": "minecraft:reference",
      "name": "moxlib:block/states/south/none"
    },
    {
      "condition": "minecraft:reference",
      "name": "moxlib:block/states/south/tall"
    }
  ]
}