{
  "values": [
    { "required": false, "id": "minecraft:brown_mushroom" },
    { "required": false, "id": "minecraft:flower_pot" },
    { "required": false, "id": "minecraft:potted_acacia_sapling" },
    { "required": false, "id": "minecraft:potted_allium" },
    { "required": false, "id": "minecraft:potted_azalea_bush" },
    { "required": false, "id": "minecraft:potted_azure_bluet" },
    { "required": false, "id": "minecraft:potted_bamboo" },
    { "required": false, "id": "minecraft:potted_birch_sapling" },
    { "required": false, "id": "minecraft:potted_blue_orchid" },
    { "required": false, "id": "minecraft:potted_brown_mushroom" },
    { "required": false, "id": "minecraft:potted_cactus" },
    { "required": false, "id": "minecraft:potted_cornflower" },
    { "required": false, "id": "minecraft:potted_crimson_fungus" },
    { "required": false, "id": "minecraft:potted_crimson_roots" },
    { "required": false, "id": "minecraft:potted_dandelion" },
    { "required": false, "id": "minecraft:potted_dark_oak_sapling" },
    { "required": false, "id": "minecraft:potted_dead_bush" },
    { "required": false, "id": "minecraft:potted_fern" },
    { "required": false, "id": "minecraft:potted_flowering_azalea_bush" },
    { "required": false, "id": "minecraft:potted_jungle_sapling" },
    { "required": false, "id": "minecraft:potted_lily_of_the_valley" },
    { "required": false, "id": "minecraft:potted_mangrove_propagule" },
    { "required": false, "id": "minecraft:potted_oak_sapling" },
    { "required": false, "id": "minecraft:potted_orange_tulip" },
    { "required": false, "id": "minecraft:potted_oxeye_daisy" },
    { "required": false, "id": "minecraft:potted_pink_tulip" },
    { "required": false, "id": "minecraft:potted_poppy" },
    { "required": false, "id": "minecraft:potted_red_mushroom" },
    { "required": false, "id": "minecraft:potted_red_tulip" },
    { "required": false, "id": "minecraft:potted_spruce_sapling" },
    { "required": false, "id": "minecraft:potted_warped_fungus" },
    { "required": false, "id": "minecraft:potted_warped_roots" },
    { "required": false, "id": "minecraft:potted_white_tulip" },
    { "required": false, "id": "minecraft:potted_wither_rose" },
    { "required": false, "id": "minecraft:red_mushroom" }
  ]
}