{
	"replace": false,
	"values": [
		{
			"required": false,
			"id": "minecraft:zombie"
		},
		{
			"required": false,
			"id": "minecraft:husk"
		},
		{
			"required": false,
			"id": "minecraft:drowned"
		},
		{
			"required": false,
			"id": "minecraft:wolf"
		},
		{
			"required": false,
			"id": "#minecraft:skeletons"
		},
		{
			"required": false,
			"id": "minecraft:piglin"
		},
		{
			"required": false,
			"id": "minecraft:zombified_piglin"
		},
		{
			"required": false,
			"id": "minecraft:piglin_brute"
		}
	]
}