{
	"replace": false,
	"values": [
		{
			"required": false,
			"id": "minecraft:redstone_block"
		},
		{
			"required": false,
			"id": "minecraft:redstone_torch"
		},
		{
			"required": false,
			"id": "minecraft:daylight_detector"
		},
		{
			"required": false,
			"id": "minecraft:lightning_rod"
		},
		{
			"required": false,
			"id": "minecraft:observer"
		},
		{
			"required": false,
			"id": "minecraft:detector_rail"
		},
		{
			"required": false,
			"id": "minecraft:lever"
		},
		{
			"required": false,
			"id": "minecraft:tripwire_hook"
		},
		{
			"required": false,
			"id": "minecraft:trapped_chest"
		},
		{
			"required": false,
			"id": "minecraft:target"
		},
		{
			"required": false,
			"id": "#minecraft:buttons"
		},
		{
			"required": false,
			"id": "#minecraft:pressure_plates"
		}
	]
}