{
    "replace": false,
    "values": [
        { "required": false, "id": "minecraft:copper_door" },
        { "required": false, "id": "minecraft:exposed_copper_door" },
        { "required": false, "id": "minecraft:weathered_copper_door" },
        { "required": false, "id": "minecraft:oxidized_copper_door" },
        { "required": false, "id": "minecraft:waxed_copper_door" },
        { "required": false, "id": "minecraft:waxed_exposed_copper_door" },
        { "required": false, "id": "minecraft:waxed_weathered_copper_door" },
        { "required": false, "id": "minecraft:waxed_oxidized_copper_door" }
    ]
}