{
	"replace": false,
	"values": [
		{
			"required": false,
			"id": "minecraft:waxed_copper_block"
		},
		{
			"required": false,
			"id": "minecraft:waxed_chiseled_copper"
		},
		{
			"required": false,
			"id": "minecraft:waxed_copper_grate"
		},
		{
			"required": false,
			"id": "minecraft:waxed_cut_copper"
		},
		{
			"required": false,
			"id": "minecraft:waxed_cut_copper_stairs"
		},
		{
			"required": false,
			"id": "minecraft:waxed_cut_copper_slab"
		},
		{
			"required": false,
			"id": "minecraft:waxed_copper_door"
		},
		{
			"required": false,
			"id": "minecraft:waxed_copper_trapdoor"
		},
		{
			"required": false,
			"id": "minecraft:waxed_copper_bulb"
		},
		{
			"required": false,
			"id": "minecraft:waxed_exposed_copper"
		},
		{
			"required": false,
			"id": "minecraft:waxed_exposed_chiseled_copper"
		},
		{
			"required": false,
			"id": "minecraft:waxed_exposed_copper_grate"
		},
		{
			"required": false,
			"id": "minecraft:waxed_exposed_cut_copper"
		},
		{
			"required": false,
			"id": "minecraft:waxed_exposed_cut_copper_stairs"
		},
		{
			"required": false,
			"id": "minecraft:waxed_exposed_cut_copper_slab"
		},
		{
			"required": false,
			"id": "minecraft:waxed_exposed_copper_door"
		},
		{
			"required": false,
			"id": "minecraft:waxed_exposed_copper_trapdoor"
		},
		{
			"required": false,
			"id": "minecraft:waxed_exposed_copper_bulb"
		},
		{
			"required": false,
			"id": "minecraft:waxed_weathered_copper"
		},
		{
			"required": false,
			"id": "minecraft:waxed_weathered_chiseled_copper"
		},
		{
			"required": false,
			"id": "minecraft:waxed_weathered_copper_grate"
		},
		{
			"required": false,
			"id": "minecraft:waxed_weathered_cut_copper"
		},
		{
			"required": false,
			"id": "minecraft:waxed_weathered_cut_copper_stairs"
		},
		{
			"required": false,
			"id": "minecraft:waxed_weathered_cut_copper_slab"
		},
		{
			"required": false,
			"id": "minecraft:waxed_weathered_copper_door"
		},
		{
			"required": false,
			"id": "minecraft:waxed_weathered_copper_trapdoor"
		},
		{
			"required": false,
			"id": "minecraft:waxed_weathered_copper_bulb"
		},
		{
			"required": false,
			"id": "minecraft:waxed_oxidized_copper"
		},
		{
			"required": false,
			"id": "minecraft:waxed_oxidized_chiseled_copper"
		},
		{
			"required": false,
			"id": "minecraft:waxed_oxidized_copper_grate"
		},
		{
			"required": false,
			"id": "minecraft:waxed_oxidized_cut_copper"
		},
		{
			"required": false,
			"id": "minecraft:waxed_oxidized_cut_copper_stairs"
		},
		{
			"required": false,
			"id": "minecraft:waxed_oxidized_cut_copper_slab"
		},
		{
			"required": false,
			"id": "minecraft:waxed_oxidized_copper_door"
		},
		{
			"required": false,
			"id": "minecraft:waxed_oxidized_copper_trapdoor"
		},
		{
			"required": false,
			"id": "minecraft:waxed_oxidized_copper_bulb"
		},
		{
			"required": false,
			"id": "minecraft:copper_block"
		},
		{
			"required": false,
			"id": "minecraft:chiseled_copper"
		},
		{
			"required": false,
			"id": "minecraft:copper_grate"
		},
		{
			"required": false,
			"id": "minecraft:cut_copper"
		},
		{
			"required": false,
			"id": "minecraft:cut_copper_stairs"
		},
		{
			"required": false,
			"id": "minecraft:cut_copper_slab"
		},
		{
			"required": false,
			"id": "minecraft:copper_door"
		},
		{
			"required": false,
			"id": "minecraft:copper_trapdoor"
		},
		{
			"required": false,
			"id": "minecraft:copper_bulb"
		},
		{
			"required": false,
			"id": "minecraft:exposed_copper"
		},
		{
			"required": false,
			"id": "minecraft:exposed_chiseled_copper"
		},
		{
			"required": false,
			"id": "minecraft:exposed_copper_grate"
		},
		{
			"required": false,
			"id": "minecraft:exposed_cut_copper"
		},
		{
			"required": false,
			"id": "minecraft:exposed_cut_copper_stairs"
		},
		{
			"required": false,
			"id": "minecraft:exposed_cut_copper_slab"
		},
		{
			"required": false,
			"id": "minecraft:exposed_copper_door"
		},
		{
			"required": false,
			"id": "minecraft:exposed_copper_trapdoor"
		},
		{
			"required": false,
			"id": "minecraft:exposed_copper_bulb"
		},
		{
			"required": false,
			"id": "minecraft:weathered_copper"
		},
		{
			"required": false,
			"id": "minecraft:weathered_chiseled_copper"
		},
		{
			"required": false,
			"id": "minecraft:weathered_copper_grate"
		},
		{
			"required": false,
			"id": "minecraft:weathered_cut_copper"
		},
		{
			"required": false,
			"id": "minecraft:weathered_cut_copper_stairs"
		},
		{
			"required": false,
			"id": "minecraft:weathered_cut_copper_slab"
		},
		{
			"required": false,
			"id": "minecraft:weathered_copper_door"
		},
		{
			"required": false,
			"id": "minecraft:weathered_copper_trapdoor"
		},
		{
			"required": false,
			"id": "minecraft:weathered_copper_bulb"
		},
		{
			"required": false,
			"id": "minecraft:oxidized_copper"
		},
		{
			"required": false,
			"id": "minecraft:oxidized_chiseled_copper"
		},
		{
			"required": false,
			"id": "minecraft:oxidized_copper_grate"
		},
		{
			"required": false,
			"id": "minecraft:oxidized_cut_copper"
		},
		{
			"required": false,
			"id": "minecraft:oxidized_cut_copper_stairs"
		},
		{
			"required": false,
			"id": "minecraft:oxidized_cut_copper_slab"
		},
		{
			"required": false,
			"id": "minecraft:oxidized_copper_door"
		},
		{
			"required": false,
			"id": "minecraft:oxidized_copper_trapdoor"
		},
		{
			"required": false,
			"id": "minecraft:oxidized_copper_bulb"
		}
	]
}