{"type":"command","pools":[{"rolls":1,"entries":[{"type":"alternatives","children":[{"type":"loot_table","value":"blockstate:071","conditions":[{"condition":"location_check","predicate":{"block":{"state":{"south":"none"}}}}],"functions":[{"function":"set_custom_data","tag":"{Properties:{south:none}}"}]},{"type":"loot_table","value":"blockstate:071","conditions":[{"condition":"location_check","predicate":{"block":{"state":{"south":"side"}}}}],"functions":[{"function":"set_custom_data","tag":"{Properties:{south:side}}"}]},{"type":"loot_table","value":"blockstate:071","functions":[{"function":"set_custom_data","tag":"{Properties:{south:up}}"}]}]}]}]}