{
    "replace": false,
    "values": [
        { "required": false, "id": "minecraft:spore_blossom" },
        { "required": false, "id": "minecraft:dead_bush" },
        { "required": false, "id": "minecraft:sea_pickle" },
        { "required": false, "id": "minecraft:glow_lichen" },
        { "required": false, "id": "minecraft:sugar_cane" },
        { "required": false, "id": "minecraft:kelp_plant" },
        { "required": false, "id": "minecraft:hanging_roots" },
        { "required": false, "id": "minecraft:cactus" },
        { "required": false, "id": "minecraft:lily_pad" },
        { "required": false, "id": "minecraft:brown_mushroom" },
        { "required": false, "id": "minecraft:red_mushroom" },
        { "required": false, "id": "#minecraft:saplings" },
        { "required": false, "id": "#minecraft:small_flowers" },
        { "required": false, "id": "#minecraft:tall_flowers" },
        { "required": false, "id": "#minecraft:coral_plants" },
        { "required": false, "id": "#minecraft:crops" },
        { "required": false, "id": "#minecraft:flowers" },
        { "required": false, "id": "#minecraft:leaves" },
        { "required": false, "id": "#taglib:overworld_grass" },
        { "required": false, "id": "#taglib:overworld_vines" },
        { "required": false, "id": "#taglib:dripleafes" },
        { "required": false, "id": "#taglib:bamboo" },
        { "required": false, "id": "#taglib:corals" }
    ]
}