{
    "replace": false,
    "values": [
        { "required": false, "id": "minecraft:crafting_table" },
        { "required": false, "id": "minecraft:smithing_table" },
        { "required": false, "id": "minecraft:loom" },
        { "required": false, "id": "minecraft:composter" },
        { "required": false, "id": "minecraft:cartography_table" },
        { "required": false, "id": "minecraft:grindstone" },
        "#campfires",
        { "required": false, "id": "#taglib:furnaces" }
    ]
}