{
    "replace": false,
    "values": [
        { "required": false, "id": "minecraft:light" },
        { "required": false, "id": "minecraft:structure_void" },
        { "required": false, "id": "minecraft:cobweb" },
        { "required": false, "id": "minecraft:dead_bush" },
        { "required": false, "id": "minecraft:big_dripleaf_stem" },
        { "required": false, "id": "minecraft:small_dripleaf" },
        { "required": false, "id": "minecraft:hanging_roots" },
        { "required": false, "id": "minecraft:kelp_plant" },
        { "required": false, "id": "minecraft:powder_snow" },
        { "required": false, "id": "minecraft:glow_lichen" },
        { "required": false, "id": "minecraft:redstone_wire" },
        { "required": false, "id": "minecraft:repeater" },
        { "required": false, "id": "minecraft:comparator" },
        { "required": false, "id": "minecraft:lever" },
        { "required": false, "id": "minecraft:tripwire_hook" },
        { "required": false, "id": "minecraft:tripwire" },
        { "required": false, "id": "minecraft:sculk_vein" },
        { "required": false, "id": "minecraft:frogspawn" },
        { "required": false, "id": "#minecraft:wool_carpets" },
        { "required": false, "id": "#minecraft:signs" },
        { "required": false, "id": "#minecraft:rails" },
        { "required": false, "id": "#minecraft:buttons" },
        { "required": false, "id": "#minecraft:pressure_plates" },
        { "required": false, "id": "#minecraft:banners" },
        { "required": false, "id": "#minecraft:saplings" },
        { "required": false, "id": "#minecraft:crops" },
        { "required": false, "id": "#minecraft:small_flowers" },
        { "required": false, "id": "#minecraft:tall_flowers" },
        { "required": false, "id": "#minecraft:fire" },
        { "required": false, "id": "#taglib:air" },
        { "required": false, "id": "#taglib:grass" },
        { "required": false, "id": "#taglib:non_block_corals" },
        { "required": false, "id": "#taglib:torches" },
        { "required": false, "id": "#taglib:vines" },
        { "required": false, "id": "#taglib:fluids" }
    ]
}
