{
	"replace": false,
	"values": [
		{
			"required": false,
			"id": "minecraft:water_bucket"
		},
		{
			"required": false,
			"id": "minecraft:lava_bucket"
		},
		{
			"required": false,
			"id": "minecraft:milk_bucket"
		},
		{
			"required": false,
			"id": "minecraft:powder_snow_bucket"
		},
		{
			"required": false,
			"id": "minecraft:axolotl_bucket"
		},
		{
			"required": false,
			"id": "minecraft:tadpole_bucket"
		},
		{
			"required": false,
			"id": "minecraft:cod_bucket"
		},
		{
			"required": false,
			"id": "minecraft:salmon_bucket"
		},
		{
			"required": false,
			"id": "minecraft:tropical_fish_bucket"
		},
		{
			"required": false,
			"id": "minecraft:pufferfish_bucket"
		}
	]
}